[{"field":"allergen_immunterapi_konsultasjon/før_injeksjon@Før injeksjon/senreaksjoner@Senreaksjoner/uspesifisert_hendelse/lokal_senreaksjon@Lokal senreaksjon/...lokal_senreaksjon@...lokal senreaksjon?","conditions":[{"operator":"equals","value":{"code":"at0023"},"actions":[{"action":"show","target":"allergen_immunterapi_konsultasjon/før_injeksjon@Før injeksjon/senreaksjoner@Senreaksjoner/uspesifisert_hendelse/lokal_senreaksjon@Lokal senreaksjon/kommentar"}]},{"operator":"notequals","value":{"code":"at0023"},"actions":[{"action":"hide","target":"allergen_immunterapi_konsultasjon/før_injeksjon@Før injeksjon/senreaksjoner@Senreaksjoner/uspesifisert_hendelse/lokal_senreaksjon@Lokal senreaksjon/kommentar"},{"action":"clear","target":"allergen_immunterapi_konsultasjon/før_injeksjon@Før injeksjon/senreaksjoner@Senreaksjoner/uspesifisert_hendelse/lokal_senreaksjon@Lokal senreaksjon/kommentar"}]}]},{"field":"allergen_immunterapi_konsultasjon/før_injeksjon@Før injeksjon/senreaksjoner@Senreaksjoner/uspesifisert_hendelse/generell_senreaksjon@Generell senreaksjon/...generell_senreaksjon@...generell senreaksjon?","conditions":[{"operator":"equals","value":{"code":"at0023"},"actions":[{"action":"show","target":"allergen_immunterapi_konsultasjon/før_injeksjon@Før injeksjon/senreaksjoner@Senreaksjoner/uspesifisert_hendelse/generell_senreaksjon@Generell senreaksjon/kommentar"}]},{"operator":"notequals","value":{"code":"at0023"},"actions":[{"action":"hide","target":"allergen_immunterapi_konsultasjon/før_injeksjon@Før injeksjon/senreaksjoner@Senreaksjoner/uspesifisert_hendelse/generell_senreaksjon@Generell senreaksjon/kommentar"},{"action":"clear","target":"allergen_immunterapi_konsultasjon/før_injeksjon@Før injeksjon/senreaksjoner@Senreaksjoner/uspesifisert_hendelse/generell_senreaksjon@Generell senreaksjon/kommentar"}]}]},{"field":"allergen_immunterapi_konsultasjon/før_injeksjon@Før injeksjon/nåværende_symptomer@Nåværende symptomer/uspesifisert_hendelse/allergisymptomer_eller_generelle_sykdomssymptomer@Allergisymptomer eller generelle sykdomssymptomer/...allergi-_eller_generelle_sykdomssymptomer@...allergi- eller generelle sykdomssymptomer?","conditions":[{"operator":"equals","value":{"code":"at0023"},"actions":[{"action":"show","target":"allergen_immunterapi_konsultasjon/før_injeksjon@Før injeksjon/nåværende_symptomer@Nåværende symptomer/uspesifisert_hendelse/allergisymptomer_eller_generelle_sykdomssymptomer@Allergisymptomer eller generelle sykdomssymptomer/kommentar"}]},{"operator":"notequals","value":{"code":"at0023"},"actions":[{"action":"hide","target":"allergen_immunterapi_konsultasjon/før_injeksjon@Før injeksjon/nåværende_symptomer@Nåværende symptomer/uspesifisert_hendelse/allergisymptomer_eller_generelle_sykdomssymptomer@Allergisymptomer eller generelle sykdomssymptomer/kommentar"},{"action":"clear","target":"allergen_immunterapi_konsultasjon/før_injeksjon@Før injeksjon/nåværende_symptomer@Nåværende symptomer/uspesifisert_hendelse/allergisymptomer_eller_generelle_sykdomssymptomer@Allergisymptomer eller generelle sykdomssymptomer/kommentar"}]}]},{"field":"allergen_immunterapi_konsultasjon/før_injeksjon@Før injeksjon/kartleggingsspørsmål_om_legemidler/siste_7_dager@Siste 7 dager/vaksine@Vaksine/...tatt_vaksine_siste_7_dager@...tatt vaksine siste 7 dager?","conditions":[{"operator":"equals","value":{"code":"at0036"},"actions":[{"action":"show","target":"allergen_immunterapi_konsultasjon/før_injeksjon@Før injeksjon/kartleggingsspørsmål_om_legemidler/siste_7_dager@Siste 7 dager/vaksine@Vaksine/kommentar"}]},{"operator":"notequals","value":{"code":"at0036"},"actions":[{"action":"hide","target":"allergen_immunterapi_konsultasjon/før_injeksjon@Før injeksjon/kartleggingsspørsmål_om_legemidler/siste_7_dager@Siste 7 dager/vaksine@Vaksine/kommentar"},{"action":"clear","target":"allergen_immunterapi_konsultasjon/før_injeksjon@Før injeksjon/kartleggingsspørsmål_om_legemidler/siste_7_dager@Siste 7 dager/vaksine@Vaksine/kommentar"}]}]},{"field":"allergen_immunterapi_konsultasjon/før_injeksjon@Før injeksjon/pef@PEF/målingstype","conditions":[{"operator":"equals","value":{"code":"at0197"},"actions":[{"action":"set","target":"allergen_immunterapi_konsultasjon/templat-overskrift@Templat-overskrift/templat-overskrift/generell_reaksjon@Generell reaksjon/spirometriresultat/målingstype","value":{"code":"at0197"}},{"action":"set","target":"allergen_immunterapi_konsultasjon/etter_siste_injeksjon@Etter siste injeksjon/pef@PEF/målingstype","value":{"code":"at0197"}},{"action":"set","target":"allergen_immunterapi_konsultasjon/templat-overskrift@Templat-overskrift/templat-overskrift/pef@PEF/målingstype","value":{"code":"at0197"}}]},{"operator":"equals","value":{"code":"at0198"},"actions":[{"action":"set","target":"allergen_immunterapi_konsultasjon/templat-overskrift@Templat-overskrift/templat-overskrift/generell_reaksjon@Generell reaksjon/spirometriresultat/målingstype","value":{"code":"at0198"}},{"action":"set","target":"allergen_immunterapi_konsultasjon/etter_siste_injeksjon@Etter siste injeksjon/pef@PEF/målingstype","value":{"code":"at0198"}},{"action":"set","target":"allergen_immunterapi_konsultasjon/templat-overskrift@Templat-overskrift/templat-overskrift/pef@PEF/målingstype","value":{"code":"at0198"}}]}]},{"field":"allergen_immunterapi_konsultasjon/før_injeksjon@Før injeksjon/kartleggingsspørsmål_om_prosedyrer/uspesifisert_hendelse/spesifikk_prosedyre/første_behandling@Første behandling?","conditions":[{"operator":"is","value":{"value":"True"},"actions":[{"action":"hide","target":"generic-field-26004"},{"action":"clear","target":"generic-field-26004"},{"action":"setOccurrences","target":"generic-field-26004","value":{"value":"0..1"}},{"action":"show","target":"allergen_immunterapi_konsultasjon/før_injeksjon@Før injeksjon/blodtrykk/baseline_første_behandling@Baseline første behandling"}]},{"operator":"isnot","value":{"value":"True"},"actions":[{"action":"show","target":"generic-field-26004"},{"action":"setOccurrences","target":"generic-field-26004","value":{"value":"0..1"}},{"action":"set","target":"allergen_immunterapi_konsultasjon/før_injeksjon@Før injeksjon/senreaksjoner@Senreaksjoner/uspesifisert_hendelse/lokal_senreaksjon@Lokal senreaksjon/navn_på_symptom_sykdomstegn","value":{"value":"Lokal senreaksjon"}},{"action":"set","target":"allergen_immunterapi_konsultasjon/før_injeksjon@Før injeksjon/senreaksjoner@Senreaksjoner/uspesifisert_hendelse/generell_senreaksjon@Generell senreaksjon/navn_på_symptom_sykdomstegn","value":{"value":"Generell senreaksjon"}},{"action":"hide","target":"allergen_immunterapi_konsultasjon/før_injeksjon@Før injeksjon/blodtrykk/baseline_første_behandling@Baseline første behandling"},{"action":"clear","target":"allergen_immunterapi_konsultasjon/før_injeksjon@Før injeksjon/blodtrykk/baseline_første_behandling@Baseline første behandling"}]}]},{"field":"generic-field-17851","conditions":[{"operator":"equals","value":{"value":"True"},"actions":[{"action":"enable","target":"allergen_immunterapi_konsultasjon/før_injeksjon@Før injeksjon/kartleggingspørsmål_om_eksponering/uspesifisert_hendelse/biestikk@Biestikk"},{"action":"set","target":"allergen_immunterapi_konsultasjon/før_injeksjon@Før injeksjon/kartleggingspørsmål_om_eksponering/uspesifisert_hendelse/kartleggingsformål","value":{"code":"182678001"}},{"action":"set","target":"allergen_immunterapi_konsultasjon/før_injeksjon@Før injeksjon/kartleggingspørsmål_om_eksponering/uspesifisert_hendelse/agens","value":{"code":"125579000"}},{"action":"set","target":"allergen_immunterapi_konsultasjon/før_injeksjon@Før injeksjon/kartleggingspørsmål_om_eksponering/uspesifisert_hendelse/biestikk@Biestikk/situasjon","value":{"code":"771313007"}},{"action":"show","target":"allergen_immunterapi_konsultasjon/før_injeksjon@Før injeksjon/kartleggingspørsmål_om_eksponering/uspesifisert_hendelse/biestikk@Biestikk"}]},{"operator":"equals","value":{"value":"False"},"actions":[{"action":"disable","target":"allergen_immunterapi_konsultasjon/før_injeksjon@Før injeksjon/kartleggingspørsmål_om_eksponering/uspesifisert_hendelse/biestikk@Biestikk"},{"action":"hide","target":"allergen_immunterapi_konsultasjon/før_injeksjon@Før injeksjon/kartleggingspørsmål_om_eksponering/uspesifisert_hendelse/biestikk@Biestikk"}]}]},{"field":"generic-field-41216","conditions":[{"operator":"equals","value":{"value":"True"},"actions":[{"action":"enable","target":"allergen_immunterapi_konsultasjon/før_injeksjon@Før injeksjon/kartleggingspørsmål_om_eksponering/uspesifisert_hendelse/vepsestikk@Vepsestikk"},{"action":"set","target":"allergen_immunterapi_konsultasjon/før_injeksjon@Før injeksjon/kartleggingspørsmål_om_eksponering/uspesifisert_hendelse/kartleggingsformål","value":{"code":"182678001"}},{"action":"set","target":"allergen_immunterapi_konsultasjon/før_injeksjon@Før injeksjon/kartleggingspørsmål_om_eksponering/uspesifisert_hendelse/agens","value":{"code":"125579000"}},{"action":"set","target":"allergen_immunterapi_konsultasjon/før_injeksjon@Før injeksjon/kartleggingspørsmål_om_eksponering/uspesifisert_hendelse/vepsestikk@Vepsestikk/situasjon","value":{"code":"773569005"}},{"action":"show","target":"allergen_immunterapi_konsultasjon/før_injeksjon@Før injeksjon/kartleggingspørsmål_om_eksponering/uspesifisert_hendelse/vepsestikk@Vepsestikk"}]},{"operator":"equals","value":{"value":"False"},"actions":[{"action":"disable","target":"allergen_immunterapi_konsultasjon/før_injeksjon@Før injeksjon/kartleggingspørsmål_om_eksponering/uspesifisert_hendelse/vepsestikk@Vepsestikk"},{"action":"hide","target":"allergen_immunterapi_konsultasjon/før_injeksjon@Før injeksjon/kartleggingspørsmål_om_eksponering/uspesifisert_hendelse/vepsestikk@Vepsestikk"}]}]},{"field":"allergen_immunterapi_konsultasjon/før_injeksjon@Før injeksjon/kartleggingspørsmål_om_eksponering/uspesifisert_hendelse/biestikk@Biestikk/...stukket_av_bie@...stukket av bie?","conditions":[{"operator":"empty","actions":[{"action":"hide","target":"generic-field-62745"}]},{"operator":"equals","value":{"code":"at0013"},"actions":[{"action":"hide","target":"generic-field-62745"}]},{"operator":"equals","value":{"code":"at0012"},"actions":[{"action":"show","target":"generic-field-62745"}]}]},{"field":"allergen_immunterapi_konsultasjon/før_injeksjon@Før injeksjon/kartleggingspørsmål_om_eksponering/uspesifisert_hendelse/vepsestikk@Vepsestikk/...stukket_av_veps@...stukket av veps?","conditions":[{"operator":"empty","actions":[{"action":"hide","target":"generic-field-51065"}]},{"operator":"equals","value":{"code":"at0013"},"actions":[{"action":"hide","target":"generic-field-51065"}]},{"operator":"equals","value":{"code":"at0012"},"actions":[{"action":"show","target":"generic-field-51065"}]}]},{"field":"generic-field-88802","conditions":[{"operator":"equals","value":{"value":"True"},"actions":[{"action":"show","target":"generic-field-60049"}]},{"operator":"equals","value":{"value":"False"},"actions":[{"action":"hide","target":"generic-field-60049"}]}]},{"field":"generic-field-84397","conditions":[{"operator":"empty","actions":[{"action":"hide","target":"generic-field-25275"},{"action":"hide","target":"generic-field-16313"}]},{"operator":"equals","value":{"value":"True"},"actions":[{"action":"show","target":"generic-field-25275"},{"action":"hide","target":"generic-field-16313"}]},{"operator":"equals","value":{"value":"False"},"actions":[{"action":"hide","target":"generic-field-25275"},{"action":"show","target":"generic-field-16313"}]}]},{"field":"allergen_immunterapi_konsultasjon/start_time","conditions":[{"operator":"notempty","actions":[{"action":"set","target":"allergen_immunterapi_konsultasjon/templat-overskrift@Templat-overskrift/prosedyre/ism_transition/current_state","value":{"code":"245"}},{"action":"set","target":"allergen_immunterapi_konsultasjon/templat-overskrift@Templat-overskrift/prosedyre/ism_transition/careflow_step","value":{"code":"at0047"}},{"action":"set","target":"allergen_immunterapi_konsultasjon/templat-overskrift@Templat-overskrift/prosedyre/prosedyrenavn","value":{"code":"182678001"}},{"action":"set","target":"allergen_immunterapi_konsultasjon/templat-overskrift@Templat-overskrift/templat-overskrift/legemiddelhåndtering/ism_transition/current_state","value":{"code":"245"}},{"action":"set","target":"allergen_immunterapi_konsultasjon/templat-overskrift@Templat-overskrift/templat-overskrift/legemiddelhåndtering/ism_transition/careflow_step","value":{"code":"at0006"}}]}]},{"field":"allergen_immunterapi_konsultasjon/templat-overskrift@Templat-overskrift/templat-overskrift/generell_reaksjon@Generell reaksjon/legemiddelhåndtering/time","conditions":[{"operator":"notempty","actions":[{"action":"set","target":"allergen_immunterapi_konsultasjon/templat-overskrift@Templat-overskrift/templat-overskrift/generell_reaksjon@Generell reaksjon/legemiddelhåndtering/ism_transition/current_state","value":{"code":"245"}},{"action":"set","target":"allergen_immunterapi_konsultasjon/templat-overskrift@Templat-overskrift/templat-overskrift/generell_reaksjon@Generell reaksjon/legemiddelhåndtering/ism_transition/careflow_step","value":{"code":"at0006"}}]}]},{"field":"allergen_immunterapi_konsultasjon/før_injeksjon@Før injeksjon/kartleggingsspørsmål_om_legemidler/i_dag@I dag/forebyggende_legemiddel@Forebyggende legemiddel/...tatt_antihistamintablett_og_evt_astmamedisin@...tatt antihistamintablett og evt astmamedisin?","conditions":[{"operator":"empty","actions":[{"action":"hide","target":"allergen_immunterapi_konsultasjon/før_injeksjon@Før injeksjon/kartleggingsspørsmål_om_legemidler/i_dag@I dag/forebyggende_legemiddel@Forebyggende legemiddel/kommentar"},{"action":"clear","target":"allergen_immunterapi_konsultasjon/før_injeksjon@Før injeksjon/kartleggingsspørsmål_om_legemidler/i_dag@I dag/forebyggende_legemiddel@Forebyggende legemiddel/kommentar"}]},{"operator":"notempty","actions":[{"action":"show","target":"allergen_immunterapi_konsultasjon/før_injeksjon@Før injeksjon/kartleggingsspørsmål_om_legemidler/i_dag@I dag/forebyggende_legemiddel@Forebyggende legemiddel/kommentar"}]}]}]