[{"col":1,"row":1,"width":17,"height":410,"children":[{"id":"generic-field-06398","rows":[{"cols":[{"width":"100%","children":[{"id":"generic-field-35970","rows":[]},{"id":"generic-field-17851","rows":[]},{"id":"generic-field-59108","rows":[]},{"id":"generic-field-41216","rows":[]},{"id":"generic-field-88802","rows":[]}]}]}]},{"id":"generic-field-34709","rows":[{"cols":[{"width":"50%","children":[{"id":"allergen_immunterapi_konsultasjon/start_time","rows":[]}]},{"width":"50%","children":[{"id":"allergen_immunterapi_konsultasjon/før_injeksjon@Før injeksjon/kartleggingsspørsmål_om_prosedyrer","rows":[{"cols":[{"width":"100%","children":[{"id":"allergen_immunterapi_konsultasjon/før_injeksjon@Før injeksjon/kartleggingsspørsmål_om_prosedyrer/history/origin","rows":[]},{"id":"allergen_immunterapi_konsultasjon/før_injeksjon@Før injeksjon/kartleggingsspørsmål_om_prosedyrer/uspesifisert_hendelse","rows":[{"cols":[{"width":"100%","children":[{"id":"allergen_immunterapi_konsultasjon/før_injeksjon@Før injeksjon/kartleggingsspørsmål_om_prosedyrer/uspesifisert_hendelse/kartleggingsformål","rows":[]},{"id":"allergen_immunterapi_konsultasjon/før_injeksjon@Før injeksjon/kartleggingsspørsmål_om_prosedyrer/uspesifisert_hendelse/spesifikk_prosedyre","rows":[{"cols":[{"width":"100%","children":[{"id":"allergen_immunterapi_konsultasjon/før_injeksjon@Før injeksjon/kartleggingsspørsmål_om_prosedyrer/uspesifisert_hendelse/spesifikk_prosedyre/prosedyrenavn","rows":[]},{"id":"allergen_immunterapi_konsultasjon/før_injeksjon@Før injeksjon/kartleggingsspørsmål_om_prosedyrer/uspesifisert_hendelse/spesifikk_prosedyre/første_behandling@Første behandling?","rows":[]}]}]}]},{"id":"allergen_immunterapi_konsultasjon/før_injeksjon@Før injeksjon/kartleggingsspørsmål_om_prosedyrer/uspesifisert_hendelse/time","rows":[]}]}]}]}]}]}]}]}]}]},{"id":"generic-field-52719","rows":[]},{"id":"allergivaksinering/før_injeksjon@Før injeksjon","rows":[{"cols":[{"width":"100%","children":[{"id":"allergen_immunterapi_konsultasjon/før_injeksjon@Før injeksjon/blodtrykk/baseline_første_behandling@Baseline første behandling","rows":[{"cols":[{"width":"32%","children":[{"id":"allergen_immunterapi_konsultasjon/før_injeksjon@Før injeksjon/blodtrykk/baseline_første_behandling@Baseline første behandling/time","rows":[]}]},{"width":"35%","children":[{"id":"allergen_immunterapi_konsultasjon/før_injeksjon@Før injeksjon/blodtrykk/baseline_første_behandling@Baseline første behandling/systolisk","rows":[]}]},{"width":"33%","children":[{"id":"allergen_immunterapi_konsultasjon/før_injeksjon@Før injeksjon/blodtrykk/baseline_første_behandling@Baseline første behandling/diastolisk","rows":[]}]}]}]},{"id":"generic-field-26004","rows":[{"cols":[{"width":"100%","children":[{"id":"allergen_immunterapi_konsultasjon/før_injeksjon@Før injeksjon/senreaksjoner@Senreaksjoner","rows":[{"cols":[{"width":"100%","children":[{"id":"allergen_immunterapi_konsultasjon/før_injeksjon@Før injeksjon/senreaksjoner@Senreaksjoner/history/origin","rows":[]},{"id":"allergen_immunterapi_konsultasjon/før_injeksjon@Før injeksjon/senreaksjoner@Senreaksjoner/uspesifisert_hendelse","rows":[{"cols":[{"width":"100%","children":[{"id":"allergen_immunterapi_konsultasjon/før_injeksjon@Før injeksjon/senreaksjoner@Senreaksjoner/uspesifisert_hendelse/kartleggingsformål","rows":[]},{"id":"allergen_immunterapi_konsultasjon/før_injeksjon@Før injeksjon/senreaksjoner@Senreaksjoner/uspesifisert_hendelse/time","rows":[]}]}]},{"cols":[{"width":"100%","children":[{"id":"allergen_immunterapi_konsultasjon/før_injeksjon@Før injeksjon/senreaksjoner@Senreaksjoner/uspesifisert_hendelse/lokal_senreaksjon@Lokal senreaksjon","rows":[{"cols":[{"width":"40%","children":[{"id":"allergen_immunterapi_konsultasjon/før_injeksjon@Før injeksjon/senreaksjoner@Senreaksjoner/uspesifisert_hendelse/lokal_senreaksjon@Lokal senreaksjon/navn_på_symptom_sykdomstegn","rows":[]},{"id":"allergen_immunterapi_konsultasjon/før_injeksjon@Før injeksjon/senreaksjoner@Senreaksjoner/uspesifisert_hendelse/lokal_senreaksjon@Lokal senreaksjon/...lokal_senreaksjon@...lokal senreaksjon?","rows":[]}]},{"width":"60%","children":[{"id":"allergen_immunterapi_konsultasjon/før_injeksjon@Før injeksjon/senreaksjoner@Senreaksjoner/uspesifisert_hendelse/lokal_senreaksjon@Lokal senreaksjon/kommentar","rows":[]}]}]}]},{"id":"allergen_immunterapi_konsultasjon/før_injeksjon@Før injeksjon/senreaksjoner@Senreaksjoner/uspesifisert_hendelse/generell_senreaksjon@Generell senreaksjon","rows":[{"cols":[{"width":"40%","children":[{"id":"allergen_immunterapi_konsultasjon/før_injeksjon@Før injeksjon/senreaksjoner@Senreaksjoner/uspesifisert_hendelse/generell_senreaksjon@Generell senreaksjon/navn_på_symptom_sykdomstegn","rows":[]},{"id":"allergen_immunterapi_konsultasjon/før_injeksjon@Før injeksjon/senreaksjoner@Senreaksjoner/uspesifisert_hendelse/generell_senreaksjon@Generell senreaksjon/...generell_senreaksjon@...generell senreaksjon?","rows":[]}]},{"width":"60%","children":[{"id":"allergen_immunterapi_konsultasjon/før_injeksjon@Før injeksjon/senreaksjoner@Senreaksjoner/uspesifisert_hendelse/generell_senreaksjon@Generell senreaksjon/kommentar","rows":[]}]}]}]}]}]}]}]}]}]}]}]}]},{"id":"generic-field-60049","rows":[{"cols":[{"width":"100%","children":[{"id":"allergen_immunterapi_konsultasjon/før_injeksjon@Før injeksjon/kartleggingspørsmål_om_eksponering","rows":[{"cols":[{"width":"100%","children":[{"id":"allergen_immunterapi_konsultasjon/før_injeksjon@Før injeksjon/kartleggingspørsmål_om_eksponering/history/origin","rows":[]},{"id":"allergen_immunterapi_konsultasjon/før_injeksjon@Før injeksjon/kartleggingspørsmål_om_eksponering/uspesifisert_hendelse","rows":[{"cols":[{"width":"100%","children":[{"id":"allergen_immunterapi_konsultasjon/før_injeksjon@Før injeksjon/kartleggingspørsmål_om_eksponering/uspesifisert_hendelse/kartleggingsformål","rows":[]},{"id":"allergen_immunterapi_konsultasjon/før_injeksjon@Før injeksjon/kartleggingspørsmål_om_eksponering/uspesifisert_hendelse/agens","rows":[]},{"id":"allergen_immunterapi_konsultasjon/før_injeksjon@Før injeksjon/kartleggingspørsmål_om_eksponering/uspesifisert_hendelse/time","rows":[]}]}]},{"cols":[{"width":"100%","children":[{"id":"allergen_immunterapi_konsultasjon/før_injeksjon@Før injeksjon/kartleggingspørsmål_om_eksponering/uspesifisert_hendelse/biestikk@Biestikk","rows":[{"cols":[{"width":"100%","children":[{"id":"allergen_immunterapi_konsultasjon/før_injeksjon@Før injeksjon/kartleggingspørsmål_om_eksponering/uspesifisert_hendelse/biestikk@Biestikk/situasjon","rows":[]}]}]},{"cols":[{"width":"40%","children":[{"id":"allergen_immunterapi_konsultasjon/før_injeksjon@Før injeksjon/kartleggingspørsmål_om_eksponering/uspesifisert_hendelse/biestikk@Biestikk/...stukket_av_bie@...stukket av bie?","rows":[]}]},{"width":"60%","children":[{"id":"generic-field-62745","rows":[{"cols":[{"width":"30%","children":[{"id":"allergen_immunterapi_konsultasjon/før_injeksjon@Før injeksjon/kartleggingspørsmål_om_eksponering/uspesifisert_hendelse/biestikk@Biestikk/timing","rows":[]}]},{"width":"70%","children":[{"id":"allergen_immunterapi_konsultasjon/før_injeksjon@Før injeksjon/kartleggingspørsmål_om_eksponering/uspesifisert_hendelse/biestikk@Biestikk/kommentar","rows":[]}]}]}]}]}]}]},{"id":"allergen_immunterapi_konsultasjon/før_injeksjon@Før injeksjon/kartleggingspørsmål_om_eksponering/uspesifisert_hendelse/vepsestikk@Vepsestikk","rows":[{"cols":[{"width":"100%","children":[{"id":"allergen_immunterapi_konsultasjon/før_injeksjon@Før injeksjon/kartleggingspørsmål_om_eksponering/uspesifisert_hendelse/vepsestikk@Vepsestikk/situasjon","rows":[]}]}]},{"cols":[{"width":"40%","children":[{"id":"allergen_immunterapi_konsultasjon/før_injeksjon@Før injeksjon/kartleggingspørsmål_om_eksponering/uspesifisert_hendelse/vepsestikk@Vepsestikk/...stukket_av_veps@...stukket av veps?","rows":[]}]},{"width":"60%","children":[{"id":"generic-field-51065","rows":[{"cols":[{"width":"30%","children":[{"id":"allergen_immunterapi_konsultasjon/før_injeksjon@Før injeksjon/kartleggingspørsmål_om_eksponering/uspesifisert_hendelse/vepsestikk@Vepsestikk/timing","rows":[]}]},{"width":"70%","children":[{"id":"allergen_immunterapi_konsultasjon/før_injeksjon@Før injeksjon/kartleggingspørsmål_om_eksponering/uspesifisert_hendelse/vepsestikk@Vepsestikk/kommentar","rows":[]}]}]}]}]}]}]}]}]}]}]}]}]}]}]}]},{"id":"generic-field-64084","rows":[{"cols":[{"width":"100%","children":[{"id":"allergen_immunterapi_konsultasjon/før_injeksjon@Før injeksjon/nåværende_symptomer@Nåværende symptomer","rows":[{"cols":[{"width":"100%","children":[{"id":"allergen_immunterapi_konsultasjon/før_injeksjon@Før injeksjon/nåværende_symptomer@Nåværende symptomer/history/origin","rows":[]},{"id":"allergen_immunterapi_konsultasjon/før_injeksjon@Før injeksjon/nåværende_symptomer@Nåværende symptomer/uspesifisert_hendelse","rows":[{"cols":[{"width":"100%","children":[{"id":"allergen_immunterapi_konsultasjon/før_injeksjon@Før injeksjon/nåværende_symptomer@Nåværende symptomer/uspesifisert_hendelse/kartleggingsformål","rows":[]},{"id":"allergen_immunterapi_konsultasjon/før_injeksjon@Før injeksjon/nåværende_symptomer@Nåværende symptomer/uspesifisert_hendelse/allergisymptomer_eller_generelle_sykdomssymptomer@Allergisymptomer eller generelle sykdomssymptomer","rows":[{"cols":[{"width":"40%","children":[{"id":"allergen_immunterapi_konsultasjon/før_injeksjon@Før injeksjon/nåværende_symptomer@Nåværende symptomer/uspesifisert_hendelse/allergisymptomer_eller_generelle_sykdomssymptomer@Allergisymptomer eller generelle sykdomssymptomer/navn_på_symptom_sykdomstegn","rows":[]},{"id":"allergen_immunterapi_konsultasjon/før_injeksjon@Før injeksjon/nåværende_symptomer@Nåværende symptomer/uspesifisert_hendelse/allergisymptomer_eller_generelle_sykdomssymptomer@Allergisymptomer eller generelle sykdomssymptomer/...allergi-_eller_generelle_sykdomssymptomer@...allergi- eller generelle sykdomssymptomer?","rows":[]}]},{"width":"60%","children":[{"id":"allergen_immunterapi_konsultasjon/før_injeksjon@Før injeksjon/nåværende_symptomer@Nåværende symptomer/uspesifisert_hendelse/allergisymptomer_eller_generelle_sykdomssymptomer@Allergisymptomer eller generelle sykdomssymptomer/kommentar","rows":[]}]}]}]},{"id":"allergen_immunterapi_konsultasjon/før_injeksjon@Før injeksjon/nåværende_symptomer@Nåværende symptomer/uspesifisert_hendelse/time","rows":[]}]}]}]}]}]}]},{"id":"allergen_immunterapi_konsultasjon/før_injeksjon@Før injeksjon/kartleggingsspørsmål_om_legemidler/siste_7_dager@Siste 7 dager","rows":[{"cols":[{"width":"100%","children":[{"id":"allergen_immunterapi_konsultasjon/før_injeksjon@Før injeksjon/kartleggingsspørsmål_om_legemidler/siste_7_dager@Siste 7 dager/kartleggingsformål","rows":[]},{"id":"allergen_immunterapi_konsultasjon/før_injeksjon@Før injeksjon/kartleggingsspørsmål_om_legemidler/siste_7_dager@Siste 7 dager/vaksine@Vaksine","rows":[{"cols":[{"width":"40%","children":[{"id":"allergen_immunterapi_konsultasjon/før_injeksjon@Før injeksjon/kartleggingsspørsmål_om_legemidler/siste_7_dager@Siste 7 dager/vaksine@Vaksine/legemiddelnavn","rows":[]},{"id":"allergen_immunterapi_konsultasjon/før_injeksjon@Før injeksjon/kartleggingsspørsmål_om_legemidler/siste_7_dager@Siste 7 dager/vaksine@Vaksine/...tatt_vaksine_siste_7_dager@...tatt vaksine siste 7 dager?","rows":[]}]},{"width":"60%","children":[{"id":"allergen_immunterapi_konsultasjon/før_injeksjon@Før injeksjon/kartleggingsspørsmål_om_legemidler/siste_7_dager@Siste 7 dager/vaksine@Vaksine/kommentar","rows":[]}]}]}]},{"id":"allergen_immunterapi_konsultasjon/før_injeksjon@Før injeksjon/kartleggingsspørsmål_om_legemidler/siste_7_dager@Siste 7 dager/math_function","rows":[]},{"id":"allergen_immunterapi_konsultasjon/før_injeksjon@Før injeksjon/kartleggingsspørsmål_om_legemidler/siste_7_dager@Siste 7 dager/width","rows":[]},{"id":"allergen_immunterapi_konsultasjon/før_injeksjon@Før injeksjon/kartleggingsspørsmål_om_legemidler/siste_7_dager@Siste 7 dager/time","rows":[]}]}]}]},{"id":"allergen_immunterapi_konsultasjon/før_injeksjon@Før injeksjon/kartleggingsspørsmål_om_legemidler","rows":[{"cols":[{"width":"100%","children":[{"id":"allergen_immunterapi_konsultasjon/før_injeksjon@Før injeksjon/kartleggingsspørsmål_om_legemidler/*history_(en)/origin","rows":[]},{"id":"allergen_immunterapi_konsultasjon/før_injeksjon@Før injeksjon/kartleggingsspørsmål_om_legemidler/i_dag@I dag","rows":[{"cols":[{"width":"100%","children":[{"id":"allergen_immunterapi_konsultasjon/før_injeksjon@Før injeksjon/kartleggingsspørsmål_om_legemidler/i_dag@I dag/kartleggingsformål","rows":[]},{"id":"allergen_immunterapi_konsultasjon/før_injeksjon@Før injeksjon/kartleggingsspørsmål_om_legemidler/i_dag@I dag/forebyggende_legemiddel@Forebyggende legemiddel","rows":[{"cols":[{"width":"40%","children":[{"id":"allergen_immunterapi_konsultasjon/før_injeksjon@Før injeksjon/kartleggingsspørsmål_om_legemidler/i_dag@I dag/forebyggende_legemiddel@Forebyggende legemiddel/legemiddelnavn","rows":[]},{"id":"allergen_immunterapi_konsultasjon/før_injeksjon@Før injeksjon/kartleggingsspørsmål_om_legemidler/i_dag@I dag/forebyggende_legemiddel@Forebyggende legemiddel/...tatt_antihistamintablett_og_evt_astmamedisin@...tatt antihistamintablett og evt astmamedisin?","rows":[]}]},{"width":"60%","children":[{"id":"allergen_immunterapi_konsultasjon/før_injeksjon@Før injeksjon/kartleggingsspørsmål_om_legemidler/i_dag@I dag/forebyggende_legemiddel@Forebyggende legemiddel/kommentar","rows":[]}]}]}]},{"id":"allergen_immunterapi_konsultasjon/før_injeksjon@Før injeksjon/kartleggingsspørsmål_om_legemidler/i_dag@I dag/time","rows":[]}]}]}]}]}]}]}]}]}]},{"id":"generic-field-57941","rows":[]},{"id":"allergen_immunterapi_konsultasjon/før_injeksjon@Før injeksjon/pef@PEF","rows":[{"cols":[{"width":"32%","children":[{"id":"allergen_immunterapi_konsultasjon/før_injeksjon@Før injeksjon/pef@PEF/før_injeksjon@Før injeksjon","rows":[{"cols":[{"width":"100%","children":[{"id":"allergen_immunterapi_konsultasjon/før_injeksjon@Før injeksjon/pef@PEF/før_injeksjon@Før injeksjon/time","rows":[]}]}]}]},{"id":"allergen_immunterapi_konsultasjon/før_injeksjon@Før injeksjon/pef@PEF/provokasjon_reversibilitet","rows":[]}]},{"width":"35%","children":[{"id":"allergen_immunterapi_konsultasjon/før_injeksjon@Før injeksjon/pef@PEF/før_injeksjon@Før injeksjon/pef@PEF","rows":[{"cols":[{"width":"100%","children":[{"id":"allergen_immunterapi_konsultasjon/før_injeksjon@Før injeksjon/pef@PEF/før_injeksjon@Før injeksjon/pef@PEF/pef@PEF","rows":[]}]}]}]}]},{"width":"33%","children":[{"id":"allergen_immunterapi_konsultasjon/før_injeksjon@Før injeksjon/pef@PEF/målingstype","rows":[]}]}]}]},{"id":"allergen_immunterapi_konsultasjon/før_injeksjon@Før injeksjon/blodtrykk/uspesifisert_hendelse@Uspesifisert hendelse","rows":[{"cols":[{"width":"34%","children":[{"id":"allergen_immunterapi_konsultasjon/før_injeksjon@Før injeksjon/blodtrykk/uspesifisert_hendelse@Uspesifisert hendelse/time","rows":[]}]},{"width":"33%","children":[{"id":"allergen_immunterapi_konsultasjon/før_injeksjon@Før injeksjon/blodtrykk/uspesifisert_hendelse@Uspesifisert hendelse/systolisk","rows":[]}]},{"width":"33%","children":[{"id":"allergen_immunterapi_konsultasjon/før_injeksjon@Før injeksjon/blodtrykk/uspesifisert_hendelse@Uspesifisert hendelse/diastolisk","rows":[]}]}]}]}]}]}]},{"id":"generic-field-08356","rows":[]},{"id":"generic-field-16736","rows":[{"cols":[{"width":"100%","children":[{"id":"allergen_immunterapi_konsultasjon/templat-overskrift@Templat-overskrift","rows":[{"cols":[{"width":"100%","children":[{"id":"allergen_immunterapi_konsultasjon/templat-overskrift@Templat-overskrift/prosedyre","rows":[{"cols":[{"width":"100%","children":[{"id":"allergen_immunterapi_konsultasjon/templat-overskrift@Templat-overskrift/prosedyre/ism_transition","rows":[{"cols":[{"width":"100%","children":[{"id":"allergen_immunterapi_konsultasjon/templat-overskrift@Templat-overskrift/prosedyre/ism_transition/current_state","rows":[]},{"id":"allergen_immunterapi_konsultasjon/templat-overskrift@Templat-overskrift/prosedyre/ism_transition/careflow_step","rows":[]}]}]}]},{"id":"allergen_immunterapi_konsultasjon/templat-overskrift@Templat-overskrift/prosedyre/prosedyrenavn","rows":[]}]}]}]},{"id":"allergen_immunterapi_konsultasjon/templat-overskrift@Templat-overskrift/templat-overskrift","rows":[{"cols":[{"width":"25%","children":[{"id":"allergen_immunterapi_konsultasjon/templat-overskrift@Templat-overskrift/templat-overskrift/legemiddelhåndtering/allergen@Allergen","rows":[]}]},{"width":"23%","children":[{"id":"allergen_immunterapi_konsultasjon/templat-overskrift@Templat-overskrift/templat-overskrift/legemiddelhåndtering/legemiddeldetaljer/styrke@Styrke","rows":[]}]},{"width":"17%","children":[{"id":"allergen_immunterapi_konsultasjon/templat-overskrift@Templat-overskrift/templat-overskrift/legemiddelhåndtering/legemiddeldetaljer/batchnummer@Batchnummer","rows":[]}]},{"width":"14%","children":[{"id":"allergen_immunterapi_konsultasjon/templat-overskrift@Templat-overskrift/templat-overskrift/legemiddelhåndtering/dosering/volum@Volum","rows":[]}]},{"width":"21%","children":[{"id":"allergen_immunterapi_konsultasjon/templat-overskrift@Templat-overskrift/templat-overskrift/legemiddelhåndtering/other_participations","rows":[{"cols":[{"width":"100%","children":[{"id":"allergen_immunterapi_konsultasjon/templat-overskrift@Templat-overskrift/templat-overskrift/legemiddelhåndtering/other_participations/function","rows":[]},{"id":"allergen_immunterapi_konsultasjon/templat-overskrift@Templat-overskrift/templat-overskrift/legemiddelhåndtering/other_participations/performer","rows":[]}]}]}]}]}]},{"cols":[{"width":"25%","children":[{"id":"allergen_immunterapi_konsultasjon/templat-overskrift@Templat-overskrift/templat-overskrift/legemiddelhåndtering/time","rows":[]}]},{"width":"23%","children":[{"id":"allergen_immunterapi_konsultasjon/templat-overskrift@Templat-overskrift/templat-overskrift/legemiddelhåndtering/administreringsdetaljer/injeksjonssted@Injeksjonssted","rows":[]}]},{"width":"31%","children":[{"id":"allergen_immunterapi_konsultasjon/templat-overskrift@Templat-overskrift/templat-overskrift/funn_ved_fysisk_undersøkelse/30_min_etter_injeksjon@30 min etter injeksjon/undersøkelse_av_en_lesjon/diameter@Diameter","rows":[]}]},{"width":"21%","children":[{"id":"allergen_immunterapi_konsultasjon/templat-overskrift@Templat-overskrift/templat-overskrift/generell_reaksjon@Generell reaksjon/monitorering_for_overfølsomhetsreaksjoner/monitoreringsintervall/generell_reaksjon@Generell reaksjon","rows":[]}]}]},{"cols":[{"width":"100%","children":[{"id":"allergen_immunterapi_konsultasjon/templat-overskrift@Templat-overskrift/templat-overskrift/pef@PEF","rows":[{"cols":[{"width":"32%","children":[{"id":"allergen_immunterapi_konsultasjon/templat-overskrift@Templat-overskrift/templat-overskrift/pef@PEF/etter_en_injeksjon@Etter en injeksjon","rows":[{"cols":[{"width":"100%","children":[{"id":"allergen_immunterapi_konsultasjon/templat-overskrift@Templat-overskrift/templat-overskrift/pef@PEF/etter_en_injeksjon@Etter en injeksjon/time","rows":[]}]}]}]},{"id":"allergen_immunterapi_konsultasjon/templat-overskrift@Templat-overskrift/templat-overskrift/pef@PEF/provokasjon_reversibilitet","rows":[]}]},{"width":"35%","children":[{"id":"allergen_immunterapi_konsultasjon/templat-overskrift@Templat-overskrift/templat-overskrift/pef@PEF/etter_en_injeksjon@Etter en injeksjon/pef@PEF","rows":[{"cols":[{"width":"100%","children":[{"id":"allergen_immunterapi_konsultasjon/templat-overskrift@Templat-overskrift/templat-overskrift/pef@PEF/etter_en_injeksjon@Etter en injeksjon/pef@PEF/pef@PEF","rows":[]}]}]}]}]},{"width":"33%","children":[{"id":"allergen_immunterapi_konsultasjon/templat-overskrift@Templat-overskrift/templat-overskrift/pef@PEF/målingstype","rows":[]}]}]}]},{"id":"allergen_immunterapi_konsultasjon/templat-overskrift@Templat-overskrift/templat-overskrift/legemiddelhåndtering","rows":[{"cols":[{"width":"100%","children":[{"id":"allergen_immunterapi_konsultasjon/templat-overskrift@Templat-overskrift/templat-overskrift/legemiddelhåndtering/ism_transition","rows":[{"cols":[{"width":"100%","children":[{"id":"allergen_immunterapi_konsultasjon/templat-overskrift@Templat-overskrift/templat-overskrift/legemiddelhåndtering/ism_transition/current_state","rows":[]},{"id":"allergen_immunterapi_konsultasjon/templat-overskrift@Templat-overskrift/templat-overskrift/legemiddelhåndtering/ism_transition/careflow_step","rows":[]}]}]}]},{"id":"allergen_immunterapi_konsultasjon/templat-overskrift@Templat-overskrift/templat-overskrift/legemiddelhåndtering/dosering","rows":[{"cols":[{"width":"100%","children":[{"id":"allergen_immunterapi_konsultasjon/templat-overskrift@Templat-overskrift/templat-overskrift/legemiddelhåndtering/dosering/dose","rows":[]}]}]}]},{"id":"allergen_immunterapi_konsultasjon/templat-overskrift@Templat-overskrift/templat-overskrift/legemiddelhåndtering/dobbeltkontrollert","rows":[]}]}]}]}]}]},{"cols":[{"width":"100%","children":[{"id":"allergen_immunterapi_konsultasjon/templat-overskrift@Templat-overskrift/templat-overskrift/funn_ved_fysisk_undersøkelse","rows":[{"cols":[{"width":"100%","children":[{"id":"allergen_immunterapi_konsultasjon/templat-overskrift@Templat-overskrift/templat-overskrift/funn_ved_fysisk_undersøkelse/30_min_etter_injeksjon@30 min etter injeksjon","rows":[{"cols":[{"width":"100%","children":[{"id":"allergen_immunterapi_konsultasjon/templat-overskrift@Templat-overskrift/templat-overskrift/funn_ved_fysisk_undersøkelse/30_min_etter_injeksjon@30 min etter injeksjon/undersøkelse_av_en_lesjon","rows":[{"cols":[{"width":"100%","children":[{"id":"allergen_immunterapi_konsultasjon/templat-overskrift@Templat-overskrift/templat-overskrift/funn_ved_fysisk_undersøkelse/30_min_etter_injeksjon@30 min etter injeksjon/undersøkelse_av_en_lesjon/type_lesjon","rows":[]}]}]}]}]}]}]}]}]}]},{"id":"allergen_immunterapi_konsultasjon/templat-overskrift@Templat-overskrift/templat-overskrift/generell_reaksjon@Generell reaksjon","rows":[{"cols":[{"width":"100%","children":[{"id":"allergen_immunterapi_konsultasjon/templat-overskrift@Templat-overskrift/templat-overskrift/generell_reaksjon@Generell reaksjon/monitorering_for_overfølsomhetsreaksjoner","rows":[{"cols":[{"width":"100%","children":[{"id":"allergen_immunterapi_konsultasjon/templat-overskrift@Templat-overskrift/templat-overskrift/generell_reaksjon@Generell reaksjon/monitorering_for_overfølsomhetsreaksjoner/history/origin","rows":[]},{"id":"allergen_immunterapi_konsultasjon/templat-overskrift@Templat-overskrift/templat-overskrift/generell_reaksjon@Generell reaksjon/monitorering_for_overfølsomhetsreaksjoner/monitoreringsintervall","rows":[{"cols":[{"width":"70%","children":[{"id":"allergen_immunterapi_konsultasjon/templat-overskrift@Templat-overskrift/templat-overskrift/generell_reaksjon@Generell reaksjon/monitorering_for_overfølsomhetsreaksjoner/monitoreringsintervall/reaksjonshendelse","rows":[{"cols":[{"width":"25%","children":[{"id":"allergen_immunterapi_konsultasjon/templat-overskrift@Templat-overskrift/templat-overskrift/generell_reaksjon@Generell reaksjon/monitorering_for_overfølsomhetsreaksjoner/monitoreringsintervall/reaksjonshendelse/spesifikk_substans","rows":[]},{"id":"allergen_immunterapi_konsultasjon/templat-overskrift@Templat-overskrift/templat-overskrift/generell_reaksjon@Generell reaksjon/monitorering_for_overfølsomhetsreaksjoner/monitoreringsintervall/*adverse_reaction_event_(en)/reaksjonsdebut","rows":[]},{"id":"allergen_immunterapi_konsultasjon/templat-overskrift@Templat-overskrift/templat-overskrift/generell_reaksjon@Generell reaksjon/monitorering_for_overfølsomhetsreaksjoner/monitoreringsintervall/reaksjonshendelse/første_eksponering","rows":[]},{"id":"allergen_immunterapi_konsultasjon/templat-overskrift@Templat-overskrift/templat-overskrift/generell_reaksjon@Generell reaksjon/monitorering_for_overfølsomhetsreaksjoner/monitoreringsintervall/reaksjonshendelse/eksponeringsvei","rows":[]}]},{"width":"75%","children":[{"id":"allergen_immunterapi_konsultasjon/templat-overskrift@Templat-overskrift/templat-overskrift/generell_reaksjon@Generell reaksjon/monitorering_for_overfølsomhetsreaksjoner/monitoreringsintervall/*adverse_reaction_event_(en)/reaksjonsbeskrivelse","rows":[]}]}]}]},{"id":"allergen_immunterapi_konsultasjon/templat-overskrift@Templat-overskrift/templat-overskrift/generell_reaksjon@Generell reaksjon/monitorering_for_overfølsomhetsreaksjoner/monitoreringsintervall/formål","rows":[]},{"id":"allergen_immunterapi_konsultasjon/templat-overskrift@Templat-overskrift/templat-overskrift/generell_reaksjon@Generell reaksjon/monitorering_for_overfølsomhetsreaksjoner/monitoreringsintervall/substans","rows":[]},{"id":"allergen_immunterapi_konsultasjon/templat-overskrift@Templat-overskrift/templat-overskrift/generell_reaksjon@Generell reaksjon/monitorering_for_overfølsomhetsreaksjoner/monitoreringsintervall/width","rows":[]},{"id":"allergen_immunterapi_konsultasjon/templat-overskrift@Templat-overskrift/templat-overskrift/generell_reaksjon@Generell reaksjon/monitorering_for_overfølsomhetsreaksjoner/monitoreringsintervall/time","rows":[]}]}]}]}]}]}]},{"id":"allergen_immunterapi_konsultasjon/templat-overskrift@Templat-overskrift/templat-overskrift/generell_reaksjon@Generell reaksjon/spirometriresultat","rows":[{"cols":[{"width":"80%","children":[{"id":"allergen_immunterapi_konsultasjon/templat-overskrift@Templat-overskrift/templat-overskrift/generell_reaksjon@Generell reaksjon/spirometriresultat/uspesifisert_hendelse","rows":[{"cols":[{"width":"100%","children":[{"id":"allergen_immunterapi_konsultasjon/templat-overskrift@Templat-overskrift/templat-overskrift/generell_reaksjon@Generell reaksjon/spirometriresultat/uspesifisert_hendelse/time","rows":[]},{"id":"allergen_immunterapi_konsultasjon/templat-overskrift@Templat-overskrift/templat-overskrift/generell_reaksjon@Generell reaksjon/spirometriresultat/uspesifisert_hendelse/fev1@FEV1/fev1@FEV1","rows":[]},{"id":"allergen_immunterapi_konsultasjon/templat-overskrift@Templat-overskrift/templat-overskrift/generell_reaksjon@Generell reaksjon/spirometriresultat/uspesifisert_hendelse/pef@PEF/pef@PEF","rows":[]},{"id":"allergen_immunterapi_konsultasjon/templat-overskrift@Templat-overskrift/templat-overskrift/generell_reaksjon@Generell reaksjon/spirometriresultat/uspesifisert_hendelse/fev1@FEV1","rows":[{"cols":[{"width":"100%","children":[]}]}]},{"id":"allergen_immunterapi_konsultasjon/templat-overskrift@Templat-overskrift/templat-overskrift/generell_reaksjon@Generell reaksjon/spirometriresultat/uspesifisert_hendelse/pef@PEF","rows":[{"cols":[{"width":"100%","children":[]}]}]}]}]}]},{"id":"allergen_immunterapi_konsultasjon/templat-overskrift@Templat-overskrift/templat-overskrift/generell_reaksjon@Generell reaksjon/spirometriresultat/provokasjon_reversibilitet","rows":[]}]},{"width":"20%","children":[{"id":"allergen_immunterapi_konsultasjon/templat-overskrift@Templat-overskrift/templat-overskrift/generell_reaksjon@Generell reaksjon/spirometriresultat/målingstype","rows":[]}]}]}]},{"id":"allergen_immunterapi_konsultasjon/templat-overskrift@Templat-overskrift/templat-overskrift/generell_reaksjon@Generell reaksjon/legemiddelhåndtering","rows":[{"cols":[{"width":"100%","children":[{"id":"allergen_immunterapi_konsultasjon/templat-overskrift@Templat-overskrift/templat-overskrift/generell_reaksjon@Generell reaksjon/legemiddelhåndtering/time","rows":[]},{"id":"allergen_immunterapi_konsultasjon/templat-overskrift@Templat-overskrift/templat-overskrift/generell_reaksjon@Generell reaksjon/legemiddelhåndtering/legemiddel,_dose_og_administrasjonsvei@Legemiddel, dose og administrasjonsvei","rows":[]},{"id":"allergen_immunterapi_konsultasjon/templat-overskrift@Templat-overskrift/templat-overskrift/generell_reaksjon@Generell reaksjon/legemiddelhåndtering/dobbeltkontrollert","rows":[]},{"id":"allergen_immunterapi_konsultasjon/templat-overskrift@Templat-overskrift/templat-overskrift/generell_reaksjon@Generell reaksjon/legemiddelhåndtering/other_participations/performer","rows":[]},{"id":"allergen_immunterapi_konsultasjon/templat-overskrift@Templat-overskrift/templat-overskrift/generell_reaksjon@Generell reaksjon/legemiddelhåndtering/other_participations/function","rows":[]},{"id":"allergen_immunterapi_konsultasjon/templat-overskrift@Templat-overskrift/templat-overskrift/generell_reaksjon@Generell reaksjon/legemiddelhåndtering/ism_transition","rows":[{"cols":[{"width":"100%","children":[{"id":"allergen_immunterapi_konsultasjon/templat-overskrift@Templat-overskrift/templat-overskrift/generell_reaksjon@Generell reaksjon/legemiddelhåndtering/ism_transition/current_state","rows":[]},{"id":"allergen_immunterapi_konsultasjon/templat-overskrift@Templat-overskrift/templat-overskrift/generell_reaksjon@Generell reaksjon/legemiddelhåndtering/ism_transition/careflow_step","rows":[]}]}]}]}]}]}]},{"id":"allergen_immunterapi_konsultasjon/templat-overskrift@Templat-overskrift/templat-overskrift/generell_reaksjon@Generell reaksjon/blodtrykk","rows":[{"cols":[{"width":"100%","children":[{"id":"allergen_immunterapi_konsultasjon/templat-overskrift@Templat-overskrift/templat-overskrift/generell_reaksjon@Generell reaksjon/blodtrykk/uspesifisert_hendelse","rows":[{"cols":[{"width":"100%","children":[{"id":"allergen_immunterapi_konsultasjon/templat-overskrift@Templat-overskrift/templat-overskrift/generell_reaksjon@Generell reaksjon/blodtrykk/uspesifisert_hendelse/time","rows":[]},{"id":"allergen_immunterapi_konsultasjon/templat-overskrift@Templat-overskrift/templat-overskrift/generell_reaksjon@Generell reaksjon/blodtrykk/uspesifisert_hendelse/systolisk","rows":[]},{"id":"allergen_immunterapi_konsultasjon/templat-overskrift@Templat-overskrift/templat-overskrift/generell_reaksjon@Generell reaksjon/blodtrykk/uspesifisert_hendelse/diastolisk","rows":[]}]}]}]}]}]}]},{"id":"allergen_immunterapi_konsultasjon/templat-overskrift@Templat-overskrift/templat-overskrift/generell_reaksjon@Generell reaksjon/puls@Puls","rows":[{"cols":[{"width":"100%","children":[{"id":"allergen_immunterapi_konsultasjon/templat-overskrift@Templat-overskrift/templat-overskrift/generell_reaksjon@Generell reaksjon/puls@Puls/uspesifisert_hendelse","rows":[{"cols":[{"width":"100%","children":[{"id":"allergen_immunterapi_konsultasjon/templat-overskrift@Templat-overskrift/templat-overskrift/generell_reaksjon@Generell reaksjon/puls@Puls/uspesifisert_hendelse/time","rows":[]},{"id":"allergen_immunterapi_konsultasjon/templat-overskrift@Templat-overskrift/templat-overskrift/generell_reaksjon@Generell reaksjon/puls@Puls/uspesifisert_hendelse/puls@Puls","rows":[]}]}]}]}]}]}]}]}]}]}]}]}]}]}]}]}]}]}]},{"id":"allergivaksinering/etter_siste_injeksjon@Etter siste injeksjon","rows":[{"cols":[{"width":"100%","children":[{"id":"allergen_immunterapi_konsultasjon/etter_siste_injeksjon@Etter siste injeksjon/pef@PEF","rows":[{"cols":[{"width":"33%","children":[{"id":"allergen_immunterapi_konsultasjon/etter_siste_injeksjon@Etter siste injeksjon/pef@PEF/etter_siste_injeksjon@Etter siste injeksjon","rows":[{"cols":[{"width":"100%","children":[{"id":"allergen_immunterapi_konsultasjon/etter_siste_injeksjon@Etter siste injeksjon/pef@PEF/etter_siste_injeksjon@Etter siste injeksjon/time","rows":[]}]}]}]},{"id":"allergen_immunterapi_konsultasjon/etter_siste_injeksjon@Etter siste injeksjon/pef@PEF/provokasjon_reversibilitet","rows":[]}]},{"width":"34%","children":[{"id":"allergen_immunterapi_konsultasjon/etter_siste_injeksjon@Etter siste injeksjon/pef@PEF/etter_siste_injeksjon@Etter siste injeksjon/pef@PEF","rows":[{"cols":[{"width":"100%","children":[{"id":"allergen_immunterapi_konsultasjon/etter_siste_injeksjon@Etter siste injeksjon/pef@PEF/etter_siste_injeksjon@Etter siste injeksjon/pef@PEF/pef@PEF","rows":[]}]}]}]},{"id":"generic-field-84397","rows":[]},{"id":"generic-field-25275","rows":[]},{"id":"generic-field-16313","rows":[{"cols":[{"width":"100%","children":[{"id":"generic-field-99927","rows":[]}]}]}]}]},{"width":"33%","children":[{"id":"allergen_immunterapi_konsultasjon/etter_siste_injeksjon@Etter siste injeksjon/pef@PEF/målingstype","rows":[]}]}]}]},{"id":"allergen_immunterapi_konsultasjon/etter_siste_injeksjon@Etter siste injeksjon/blodtrykk","rows":[{"cols":[{"width":"100%","children":[{"id":"allergen_immunterapi_konsultasjon/etter_siste_injeksjon@Etter siste injeksjon/blodtrykk/uspesifisert_hendelse","rows":[{"cols":[{"width":"33%","children":[{"id":"allergen_immunterapi_konsultasjon/etter_siste_injeksjon@Etter siste injeksjon/blodtrykk/uspesifisert_hendelse/time","rows":[]}]},{"width":"33%","children":[{"id":"allergen_immunterapi_konsultasjon/etter_siste_injeksjon@Etter siste injeksjon/blodtrykk/uspesifisert_hendelse/systolisk","rows":[]}]},{"width":"34%","children":[{"id":"allergen_immunterapi_konsultasjon/etter_siste_injeksjon@Etter siste injeksjon/blodtrykk/uspesifisert_hendelse/diastolisk","rows":[]}]}]}]}]}]}]}]}]}]},{"id":"allergivaksinering/generelt@Generelt","rows":[{"cols":[{"width":"100%","children":[{"id":"allergivaksinering/generelt@Generelt/tidsfestet_fritekst","rows":[{"cols":[{"width":"100%","children":[{"id":"allergen_immunterapi_behandling/generelt@Generelt/tidsfestet_fritekst/uspesifisert_hendelse","rows":[{"cols":[{"width":"100%","children":[{"id":"allergen_immunterapi_behandling/generelt@Generelt/tidsfestet_fritekst/uspesifisert_hendelse/notat@Notat","rows":[]}]}]}]}]}]}]}]}]}]}]}]